t,seq,stale,calibrated,mode,diff_fraction,detections,on_lattice,off_lattice,cell_churn,cells
0.535,3,0,1,vertical,,0,0,0,,
0.646,7,0,1,vertical,0.014274,1,0,1,0,
0.757,10,0,1,vertical,0.013337,1,0,1,0,
0.87,13,0,1,vertical,0.015633,1,0,1,0,
0.981,17,0,1,vertical,0.016819,1,0,1,0,
1.093,20,0,1,vertical,0.029428,1,0,1,0,
1.206,23,0,1,vertical,0.048392,1,0,1,0,
1.317,27,0,1,vertical,0.060446,1,0,1,0,
1.428,30,0,1,vertical,0.042436,0,0,0,0,
1.541,33,0,1,vertical,0.036019,0,0,0,0,
1.652,37,0,1,vertical,0.049667,1,0,1,0,
1.764,40,0,1,vertical,0.043542,1,0,1,0,
1.875,44,0,1,vertical,0.040265,1,0,1,0,
1.986,47,0,1,vertical,0.038835,1,0,1,0,
2.098,50,0,1,vertical,0.042974,1,0,1,0,
2.209,54,0,1,vertical,0.056484,1,0,1,0,
2.321,57,0,1,vertical,0.044462,0,0,0,0,
2.432,60,0,1,vertical,0.038937,0,0,0,0,
2.543,64,0,1,vertical,0.061077,1,0,1,0,
2.655,67,0,1,vertical,0.061530,1,0,1,0,
2.767,70,0,1,vertical,0.057337,1,0,1,0,
2.878,74,0,1,vertical,0.050542,1,0,1,0,
2.989,77,0,1,vertical,0.030414,1,0,1,0,
3.102,80,0,1,vertical,0.024245,1,0,1,0,
3.214,84,0,1,vertical,0.019346,1,0,1,0,
3.325,87,0,1,vertical,0.012076,1,0,1,0,
3.438,90,0,1,vertical,0.015740,1,0,1,0,
3.55,94,0,1,vertical,0.024716,1,0,1,0,
3.661,97,0,1,vertical,0.034327,0,0,0,0,
3.775,100,0,1,vertical,0.059553,1,0,1,0,
3.886,104,0,1,vertical,0.089039,1,0,1,0,
3.998,107,0,1,vertical,0.056351,0,0,0,0,
4.109,111,0,1,vertical,0.018316,0,0,0,0,
4.221,114,0,1,vertical,0.000027,0,0,0,0,
4.332,117,0,1,vertical,0.000049,0,0,0,0,
4.443,121,0,1,vertical,0.000071,0,0,0,0,
4.555,124,0,1,vertical,0.000027,0,0,0,0,
4.667,127,0,1,vertical,0.000018,0,0,0,0,
4.778,131,0,1,vertical,0.000022,0,0,0,0,
4.892,134,0,1,vertical,0.000004,0,0,0,0,
5.006,137,0,1,vertical,0.000013,2,0,2,0,
5.119,141,0,1,vertical,0.000009,0,0,0,0,
5.233,144,0,1,vertical,0.000004,0,0,0,0,
5.346,148,0,1,vertical,0.000000,0,0,0,0,
5.459,151,0,1,vertical,0.000000,0,0,0,0,
5.577,154,0,1,vertical,0.000000,0,0,0,0,
5.691,158,0,1,vertical,0.000000,0,0,0,0,
5.805,161,0,1,vertical,0.000000,0,0,0,0,
5.919,165,0,1,vertical,0.000000,0,0,0,0,
6.032,168,0,1,vertical,0.000009,0,0,0,0,
6.146,172,0,1,vertical,0.000058,1,0,1,0,
6.26,175,0,1,vertical,0.000022,1,0,1,0,
6.375,178,0,1,vertical,0.000000,0,0,0,0,
6.489,182,0,1,vertical,0.000004,0,0,0,0,
6.606,185,0,1,vertical,0.000000,0,0,0,0,
6.719,189,0,1,vertical,0.000004,1,0,1,0,
6.834,192,0,1,vertical,0.001626,1,0,1,0,
6.948,196,0,1,vertical,0.000600,1,0,1,0,
7.061,199,0,1,vertical,0.000004,1,0,1,0,
7.176,202,0,1,vertical,0.000000,2,0,2,0,
7.29,206,0,1,vertical,0.000000,1,0,1,0,
7.408,209,0,1,vertical,0.000000,1,0,1,0,
7.521,213,0,1,vertical,0.000004,1,0,1,0,
7.635,216,0,1,vertical,0.000000,0,0,0,0,
7.749,220,0,1,vertical,0.000000,1,0,1,0,
7.863,223,0,1,vertical,0.021478,1,0,1,0,
7.976,227,0,1,vertical,0.021687,1,0,1,0,
8.089,230,0,1,vertical,0.018787,1,0,1,0,
8.204,233,0,1,vertical,0.023512,1,0,1,0,
8.319,237,0,1,vertical,0.026106,1,0,1,0,
8.434,240,0,1,vertical,0.024702,1,0,1,0,
8.548,244,0,1,vertical,0.026141,1,0,1,0,
8.662,247,0,1,vertical,0.024312,1,0,1,0,
8.776,250,0,1,vertical,0.023392,1,0,1,0,
8.889,254,0,1,vertical,0.023552,1,0,1,0,
9.005,257,0,1,vertical,0.020288,1,0,1,0,
9.119,261,0,1,vertical,0.019950,1,0,1,0,
9.234,264,0,1,vertical,0.018214,0,0,0,0,
9.348,268,0,1,vertical,0.019906,1,0,1,0,
9.463,271,0,1,vertical,0.018143,1,0,1,0,
9.577,275,0,1,vertical,0.017650,1,0,1,0,
9.69,278,0,1,vertical,0.014816,1,0,1,0,
9.808,281,0,1,vertical,0.014874,1,0,1,0,
9.922,285,0,1,vertical,0.015354,1,0,1,0,
10.038,288,0,1,vertical,0.013661,1,0,1,0,
10.152,292,0,1,vertical,0.014159,1,0,1,0,
10.267,295,0,1,vertical,0.009722,1,0,1,0,
10.38,299,0,1,vertical,0.000959,1,0,1,0,
10.495,302,0,1,vertical,0.000067,1,0,1,0,
10.61,305,0,1,vertical,0.000124,1,0,1,0,
10.725,309,0,1,vertical,0.000022,1,0,1,0,
10.842,312,0,1,vertical,0.000004,1,0,1,0,
10.956,316,0,1,vertical,0.010277,1,0,1,0,
11.073,319,0,1,vertical,0.012076,1,0,1,0,
11.186,323,0,1,vertical,0.015393,1,0,1,0,
11.299,326,0,1,vertical,0.014798,0,0,0,0,
11.413,330,0,1,vertical,0.017965,0,0,0,0,
11.527,333,0,1,vertical,0.017556,1,0,1,0,
11.643,336,0,1,vertical,0.018662,0,0,0,0,
11.757,340,0,1,vertical,0.023001,2,0,2,0,
11.871,343,0,1,vertical,0.022349,3,0,3,0,
11.984,347,0,1,vertical,0.026501,0,0,0,0,
12.098,350,0,1,vertical,0.025995,0,0,0,0,
12.211,354,0,1,vertical,0.029881,0,0,0,0,
12.326,357,0,1,vertical,0.029170,0,0,0,0,
12.441,360,0,1,vertical,0.030645,0,0,0,0,
12.555,364,0,1,vertical,0.035015,0,0,0,0,
12.673,367,0,1,vertical,0.033843,0,0,0,0,
12.787,371,0,1,vertical,0.031542,0,0,0,0,
12.902,374,0,1,vertical,0.038328,0,0,0,0,
13.016,378,0,1,vertical,0.043689,0,0,0,0,
13.129,381,0,1,vertical,0.042774,0,0,0,0,
13.242,385,0,1,vertical,0.049569,0,0,0,0,
13.356,388,0,1,vertical,0.045155,0,0,0,0,
13.471,391,0,1,vertical,0.045155,0,0,0,0,
13.584,395,0,1,vertical,0.053735,0,0,0,0,
13.699,398,0,1,vertical,0.045075,0,0,0,0,
13.812,402,0,1,vertical,0.011134,0,0,0,0,
13.925,405,0,1,vertical,0.014678,0,0,0,0,
14.041,408,0,1,vertical,0.011316,0,0,0,0,
14.155,412,0,1,vertical,0.001168,0,0,0,0,
14.27,415,0,1,vertical,0.007444,0,0,0,0,
14.383,419,0,1,vertical,0.000986,0,0,0,0,
14.498,422,0,1,vertical,0.011952,0,0,0,0,
14.611,426,0,1,vertical,0.048752,0,0,0,0,
14.725,429,0,1,vertical,0.042938,0,0,0,0,
14.838,432,0,1,vertical,0.045288,0,0,0,0,
14.949,436,0,1,vertical,0.045208,0,0,0,0,
15.06,439,0,1,vertical,0.043525,0,0,0,0,
15.171,442,0,1,vertical,0.041100,0,0,0,0,
15.283,446,0,1,vertical,0.045683,0,0,0,0,
15.394,449,0,1,vertical,0.041530,0,0,0,0,
15.505,452,0,1,vertical,0.042441,0,0,0,0,
15.616,456,0,1,vertical,0.045021,0,0,0,0,
15.728,459,0,1,vertical,0.036507,0,0,0,0,
15.84,463,0,1,vertical,0.044333,0,0,0,0,
15.951,466,0,1,vertical,0.041544,0,0,0,0,
16.063,469,0,1,vertical,0.041464,0,0,0,0,
16.174,473,0,1,vertical,0.052150,0,0,0,0,
16.285,476,0,1,vertical,0.050009,0,0,0,0,
16.398,479,0,1,vertical,0.052052,0,0,0,0,
16.509,483,0,1,vertical,0.057102,0,0,0,0,
16.62,486,0,1,vertical,0.051017,0,0,0,0,
16.731,489,0,1,vertical,0.049027,0,0,0,0,
16.843,493,0,1,vertical,0.057945,0,0,0,0,
16.954,496,0,1,vertical,0.053242,0,0,0,0,
17.066,499,0,1,vertical,0.003446,0,0,0,0,
17.177,503,0,1,vertical,0.000564,0,0,0,0,
17.289,506,0,1,vertical,0.000058,1,0,1,0,
17.401,509,0,1,vertical,0.000697,0,0,0,0,
17.512,513,0,1,vertical,0.000244,0,0,0,0,
17.623,516,0,1,vertical,0.000027,0,0,0,0,
17.735,519,0,1,vertical,0.000022,0,0,0,0,
17.846,523,0,1,vertical,0.000013,0,0,0,0,
17.957,526,0,1,vertical,0.000004,0,0,0,0,
18.07,529,0,1,vertical,0.000004,0,0,0,0,
18.181,533,0,1,vertical,0.006991,0,0,0,0,
18.292,536,0,1,vertical,0.053478,0,0,0,0,
18.405,539,0,1,vertical,0.050342,0,0,0,0,
18.518,543,0,1,vertical,0.056631,0,0,0,0,
18.629,546,0,1,vertical,0.050271,0,0,0,0,
18.74,550,0,1,vertical,0.057741,0,0,0,0,
18.851,553,0,1,vertical,0.050706,0,0,0,0,
18.965,556,0,1,vertical,0.048108,0,0,0,0,
19.076,560,0,1,vertical,0.049707,0,0,0,0,
19.188,563,0,1,vertical,0.040407,0,0,0,0,
19.301,566,0,1,vertical,0.039785,0,0,0,0,
19.412,570,0,1,vertical,0.043627,0,0,0,0,
19.523,573,0,1,vertical,0.040935,0,0,0,0,
19.638,576,0,1,vertical,0.040007,1,1,0,1,1:1
19.75,580,0,1,vertical,0.046158,1,1,0,0,1:1
19.864,583,0,1,vertical,0.040722,1,1,0,0,1:1
19.978,587,0,1,vertical,0.044186,1,1,0,0,1:1
20.093,590,0,1,vertical,0.040789,1,1,0,0,1:1
20.207,593,0,1,vertical,0.040171,2,1,1,0,1:1
20.32,597,0,1,vertical,0.046318,3,1,2,0,1:1
20.435,600,0,1,vertical,0.044377,1,1,0,0,1:1
20.548,604,0,1,vertical,0.046971,1,1,0,0,1:1
20.664,607,0,1,vertical,0.044257,1,1,0,0,1:1
20.778,611,0,1,vertical,0.006760,1,1,0,0,1:1
20.9,614,0,1,vertical,0.008092,1,1,0,0,1:1
21.012,618,0,1,vertical,0.001954,1,1,0,0,1:1
21.123,621,0,1,vertical,0.033794,1,1,0,0,1:1
21.237,624,0,1,vertical,0.048050,1,1,0,0,1:1
21.348,628,0,1,vertical,0.042334,1,1,0,0,1:1
21.46,631,0,1,vertical,0.040287,1,1,0,0,1:1
21.571,635,0,1,vertical,0.038395,1,1,0,0,1:1
21.682,638,0,1,vertical,0.034265,1,1,0,0,1:1
21.794,641,0,1,vertical,0.030729,1,1,0,0,1:1
21.905,645,0,1,vertical,0.030862,1,1,0,0,1:1
22.016,648,0,1,vertical,0.025875,1,1,0,0,1:1
22.128,651,0,1,vertical,0.023481,1,1,0,0,1:1
22.239,655,0,1,vertical,0.021958,1,1,0,0,1:1
22.351,658,0,1,vertical,0.018080,1,1,0,0,1:1
22.462,661,0,1,vertical,0.017081,1,1,0,0,1:1
22.573,665,0,1,vertical,0.016486,1,1,0,0,1:1
22.685,668,0,1,vertical,0.014381,2,1,1,0,1:1
22.796,671,0,1,vertical,0.013275,1,1,0,0,1:1
22.908,675,0,1,vertical,0.011463,2,1,1,0,1:1
23.019,678,0,1,vertical,0.007919,2,1,1,0,1:1
23.13,681,0,1,vertical,0.008909,2,1,1,0,1:1
23.242,685,0,1,vertical,0.009793,1,1,0,0,1:1
23.353,688,0,1,vertical,0.007497,2,1,1,0,1:1
23.466,691,0,1,vertical,0.008096,1,1,0,0,1:1
23.577,695,0,1,vertical,0.009993,1,1,0,0,1:1
23.688,698,0,1,vertical,0.008452,1,1,0,0,1:1
23.803,701,0,1,vertical,0.007435,1,1,0,0,1:1
23.914,705,0,1,vertical,0.009109,1,1,0,0,1:1
24.026,708,0,1,vertical,0.004361,1,1,0,0,1:1
24.137,712,0,1,vertical,0.001337,1,1,0,0,1:1
24.248,715,0,1,vertical,0.000693,1,1,0,0,1:1
24.36,718,0,1,vertical,0.002407,1,1,0,0,1:1
24.471,722,0,1,vertical,0.000395,2,1,1,0,1:1
24.583,725,0,1,vertical,0.000147,2,1,1,0,1:1
24.696,728,0,1,vertical,0.001475,2,1,1,0,1:1
24.807,732,0,1,vertical,0.000036,2,1,1,0,1:1
24.918,735,0,1,vertical,0.000027,2,1,1,0,1:1
25.031,738,0,1,vertical,0.000942,2,1,1,0,1:1
25.142,742,0,1,vertical,0.000009,1,1,0,0,1:1
25.253,745,0,1,vertical,0.000009,2,1,1,0,1:1
25.366,748,0,1,vertical,0.000600,2,1,1,0,1:1
25.477,752,0,1,vertical,0.000080,2,1,1,0,1:1
25.589,755,0,1,vertical,0.000040,2,1,1,0,1:1
25.702,758,0,1,vertical,0.000142,2,1,1,0,1:1
25.813,762,0,1,vertical,0.000018,2,1,1,0,1:1
25.925,765,0,1,vertical,0.000200,2,1,1,0,1:1
26.04,768,0,1,vertical,0.000013,2,1,1,0,1:1
26.154,772,0,1,vertical,0.000009,2,1,1,0,1:1
26.271,775,0,1,vertical,0.000062,1,1,0,0,1:1
26.385,779,0,1,vertical,0.000004,2,1,1,0,1:1
26.504,782,0,1,vertical,0.000013,1,1,0,0,1:1
26.618,786,0,1,vertical,0.000000,2,1,1,0,1:1
26.732,789,0,1,vertical,0.000000,2,1,1,0,1:1
26.845,793,0,1,vertical,0.000004,2,1,1,0,1:1
26.959,796,0,1,vertical,0.000040,1,1,0,0,1:1
27.073,800,0,1,vertical,0.000000,1,1,0,0,1:1
27.186,803,0,1,vertical,0.000004,1,1,0,0,1:1
27.302,806,0,1,vertical,0.000000,2,1,1,0,1:1
27.416,810,0,1,vertical,0.000004,1,1,0,0,1:1
27.531,813,0,1,vertical,0.000000,1,1,0,0,1:1
27.644,817,0,1,vertical,0.000000,1,1,0,0,1:1
27.755,820,0,1,vertical,0.000200,1,1,0,0,1:1
27.868,823,0,1,vertical,0.000115,2,1,1,0,1:1
27.979,827,0,1,vertical,0.000209,2,1,1,0,1:1
28.091,830,0,1,vertical,0.000084,2,1,1,0,1:1
28.202,833,0,1,vertical,0.000058,2,1,1,0,1:1
28.314,837,0,1,vertical,0.000053,1,1,0,0,1:1
28.426,840,0,1,vertical,0.000018,1,1,0,0,1:1
28.537,844,0,1,vertical,0.000018,1,1,0,0,1:1
28.649,847,0,1,vertical,0.000182,1,1,0,0,1:1
28.761,850,0,1,vertical,0.000004,1,1,0,0,1:1
28.872,854,0,1,vertical,0.000013,1,1,0,0,1:1
28.983,857,0,1,vertical,0.000022,1,1,0,0,1:1
29.095,860,0,1,vertical,0.000000,1,1,0,0,1:1
29.206,864,0,1,vertical,0.000004,1,1,0,0,1:1
29.317,867,0,1,vertical,0.000004,1,1,0,0,1:1
29.429,870,0,1,vertical,0.000009,1,1,0,0,1:1
29.54,874,0,1,vertical,0.000009,1,1,0,0,1:1
29.651,877,0,1,vertical,0.000000,1,1,0,0,1:1
29.763,880,0,1,vertical,0.000000,1,1,0,0,1:1
29.874,884,0,1,vertical,0.000004,1,1,0,0,1:1
29.987,887,0,1,vertical,0.000004,1,1,0,0,1:1
30.099,890,0,1,vertical,0.000004,1,1,0,0,1:1
30.21,894,0,1,vertical,0.000022,1,1,0,0,1:1
30.322,897,0,1,vertical,0.000036,1,1,0,0,1:1
30.434,900,0,1,vertical,0.000004,1,1,0,0,1:1
30.545,904,0,1,vertical,0.000209,1,1,0,0,1:1
30.657,907,0,1,vertical,0.000009,2,1,1,0,1:1
30.769,910,0,1,vertical,0.000018,2,1,1,0,1:1
30.88,914,0,1,vertical,0.000013,2,1,1,0,1:1
30.993,917,0,1,vertical,0.000009,2,1,1,0,1:1
31.104,921,0,1,vertical,0.000031,1,1,0,0,1:1
31.215,924,0,1,vertical,0.000004,2,1,1,0,1:1
31.327,927,0,1,vertical,0.000004,1,1,0,0,1:1
31.438,931,0,1,vertical,0.000009,2,1,1,0,1:1
31.549,934,0,1,vertical,0.000009,1,1,0,0,1:1
31.662,937,0,1,vertical,0.000018,2,1,1,0,1:1
31.773,941,0,1,vertical,0.000004,1,1,0,0,1:1
31.884,944,0,1,vertical,0.000022,1,1,0,0,1:1
31.998,947,0,1,vertical,0.000249,1,1,0,0,1:1
32.11,951,0,1,vertical,0.002909,1,1,0,0,1:1
32.221,954,0,1,vertical,0.002789,1,1,0,0,1:1
32.335,957,0,1,vertical,0.005343,1,1,0,0,1:1
32.446,961,0,1,vertical,0.014274,1,1,0,0,1:1
32.558,964,0,1,vertical,0.005774,1,1,0,0,1:1
32.67,967,0,1,vertical,0.006231,1,1,0,0,1:1
32.784,971,0,1,vertical,0.007643,1,1,0,0,1:1
32.899,974,0,1,vertical,0.018289,1,1,0,0,1:1
33.012,978,0,1,vertical,0.009438,1,1,0,0,1:1
33.124,981,0,1,vertical,0.004939,1,1,0,0,1:1
33.236,985,0,1,vertical,0.023059,1,1,0,0,1:1
33.347,988,0,1,vertical,0.021869,1,1,0,0,1:1
33.459,991,0,1,vertical,0.024796,1,1,0,0,1:1
33.571,995,0,1,vertical,0.014474,1,1,0,0,1:1
33.682,998,0,1,vertical,0.013617,1,1,0,0,1:1
33.794,1001,0,1,vertical,0.018138,1,1,0,0,1:1
33.905,1005,0,1,vertical,0.014461,1,1,0,0,1:1
34.016,1008,0,1,vertical,0.002234,1,1,0,0,1:1
34.13,1011,0,1,vertical,0.004148,1,1,0,0,1:1
34.241,1015,0,1,vertical,0.009940,1,1,0,0,1:1
34.353,1018,0,1,vertical,0.000329,1,1,0,0,1:1
34.465,1021,0,1,vertical,0.000666,1,1,0,0,1:1
34.576,1025,0,1,vertical,0.001905,1,1,0,0,1:1
34.688,1028,0,1,vertical,0.004348,1,1,0,0,1:1
34.801,1031,0,1,vertical,0.006546,1,1,0,0,1:1
34.912,1035,0,1,vertical,0.004792,1,1,0,0,1:1
35.024,1038,0,1,vertical,0.000360,1,1,0,0,1:1
35.136,1042,0,1,vertical,0.001888,1,1,0,0,1:1
35.247,1045,0,1,vertical,0.001816,1,1,0,0,1:1
35.359,1048,0,1,vertical,0.003553,1,1,0,0,1:1
35.471,1052,0,1,vertical,0.003109,2,1,1,0,1:1
35.582,1055,0,1,vertical,0.021682,1,1,0,0,1:1
35.694,1058,0,1,vertical,0.038222,1,1,0,0,1:1
35.805,1062,0,1,vertical,0.029388,2,1,1,0,1:1
35.916,1065,0,1,vertical,0.006422,2,1,1,0,1:1
36.029,1068,0,1,vertical,0.000093,2,1,1,0,1:1
36.14,1072,0,1,vertical,0.000289,2,1,1,0,1:1
36.251,1075,0,1,vertical,0.000147,2,1,1,0,1:1
36.364,1078,0,1,vertical,0.000093,2,1,1,0,1:1
36.475,1082,0,1,vertical,0.000577,2,1,1,0,1:1
36.586,1085,0,1,vertical,0.000058,2,1,1,0,1:1
36.701,1088,0,1,vertical,0.000040,2,1,1,0,1:1
36.813,1092,0,1,vertical,0.000013,2,1,1,0,1:1
36.924,1095,0,1,vertical,0.000009,2,1,1,0,1:1
37.036,1099,0,1,vertical,0.000022,2,1,1,0,1:1
37.147,1102,0,1,vertical,0.000000,2,1,1,0,1:1
37.26,1105,0,1,vertical,0.000004,2,1,1,0,1:1
37.371,1109,0,1,vertical,0.000004,2,1,1,0,1:1
37.482,1112,0,1,vertical,0.000000,2,1,1,0,1:1
37.594,1115,0,1,vertical,0.000000,2,1,1,0,1:1
37.705,1119,0,1,vertical,0.000000,3,1,2,0,1:1
37.817,1122,0,1,vertical,0.000000,2,1,1,0,1:1
37.929,1125,0,1,vertical,0.000000,2,1,1,0,1:1
38.04,1129,0,1,vertical,0.000000,2,1,1,0,1:1
38.156,1132,0,1,vertical,0.000000,2,1,1,0,1:1
38.27,1135,0,1,vertical,0.000000,2,1,1,0,1:1
38.383,1139,0,1,vertical,0.000000,2,1,1,0,1:1
38.5,1142,0,1,vertical,0.000000,2,1,1,0,1:1
38.613,1146,0,1,vertical,0.000000,2,1,1,0,1:1
38.727,1149,0,1,vertical,0.000013,3,1,2,0,1:1
38.841,1153,0,1,vertical,0.000275,2,1,1,0,1:1
38.955,1156,0,1,vertical,0.000004,2,1,1,0,1:1
39.07,1159,0,1,vertical,0.000004,2,1,1,0,1:1
39.183,1163,0,1,vertical,0.000004,2,1,1,0,1:1
39.3,1166,0,1,vertical,0.000000,2,1,1,0,1:1
39.415,1170,0,1,vertical,0.000009,2,1,1,0,1:1
39.529,1173,0,1,vertical,0.000004,2,1,1,0,1:1
39.642,1177,0,1,vertical,0.000009,2,1,1,0,1:1
39.757,1180,0,1,vertical,0.000000,2,1,1,0,1:1
39.87,1184,0,1,vertical,0.000000,2,1,1,0,1:1
39.984,1187,0,1,vertical,0.000000,2,1,1,0,1:1
40.101,1190,0,1,vertical,0.000000,2,1,1,0,1:1
40.215,1194,0,1,vertical,0.000000,3,1,2,0,1:1
40.33,1197,0,1,vertical,0.000000,2,1,1,0,1:1
40.443,1201,0,1,vertical,0.000000,2,1,1,0,1:1
40.557,1204,0,1,vertical,0.000009,2,1,1,0,1:1
40.67,1208,0,1,vertical,0.000018,2,1,1,0,1:1
40.783,1211,0,1,vertical,0.000000,2,1,1,0,1:1
40.9,1214,0,1,vertical,0.000004,2,1,1,0,1:1
41.014,1218,0,1,vertical,0.000031,2,1,1,0,1:1
41.126,1221,0,1,vertical,0.000036,2,1,1,0,1:1
41.238,1225,0,1,vertical,0.000755,2,1,1,0,1:1
41.349,1228,0,1,vertical,0.033838,2,1,1,0,1:1
41.463,1231,0,1,vertical,0.050640,4,1,3,0,1:1
41.574,1235,0,1,vertical,0.061556,2,1,1,0,1:1
41.686,1238,0,1,vertical,0.050360,2,1,1,0,1:1
41.8,1241,0,1,vertical,0.056968,2,1,1,0,1:1
41.911,1245,0,1,vertical,0.054983,2,1,1,0,1:1
42.023,1248,0,1,vertical,0.050933,2,1,1,0,1:1
42.135,1252,0,1,vertical,0.060806,2,1,1,0,1:1
42.246,1255,0,1,vertical,0.040931,2,1,1,0,1:1
42.361,1258,0,1,vertical,0.035073,2,1,1,0,1:1
42.472,1262,0,1,vertical,0.031769,1,1,0,0,1:1
42.584,1265,0,1,vertical,0.023690,1,1,0,0,1:1
42.696,1268,0,1,vertical,0.020736,1,1,0,0,1:1
42.808,1272,0,1,vertical,0.022762,1,1,0,0,1:1
42.919,1275,0,1,vertical,0.021469,1,1,0,0,1:1
43.032,1278,0,1,vertical,0.025560,1,1,0,0,1:1
43.144,1282,0,1,vertical,0.032204,1,1,0,0,1:1
43.256,1285,0,1,vertical,0.024725,1,1,0,0,1:1
43.367,1289,0,1,vertical,0.032999,1,1,0,0,1:1
43.478,1292,0,1,vertical,0.029539,1,1,0,0,1:1
43.59,1295,0,1,vertical,0.022055,1,1,0,0,1:1
43.701,1299,0,1,vertical,0.021580,1,1,0,0,1:1
43.812,1302,0,1,vertical,0.020430,1,1,0,0,1:1
43.924,1305,0,1,vertical,0.020545,1,1,0,0,1:1
44.035,1309,0,1,vertical,0.023064,1,1,0,0,1:1
44.146,1312,0,1,vertical,0.000666,1,1,0,0,1:1
44.26,1315,0,1,vertical,0.001395,1,1,0,0,1:1
44.372,1319,0,1,vertical,0.009766,1,1,0,0,1:1
44.483,1322,0,1,vertical,0.017556,1,1,0,0,1:1
44.596,1325,0,1,vertical,0.029210,1,1,0,0,1:1
44.707,1329,0,1,vertical,0.051475,1,1,0,0,1:1
44.819,1332,0,1,vertical,0.058767,1,1,0,0,1:1
44.931,1335,0,1,vertical,0.082306,1,1,0,0,1:1
45.042,1339,0,1,vertical,0.068964,1,1,0,0,1:1
45.153,1342,0,1,vertical,0.008692,1,1,0,0,1:1
45.266,1345,0,1,vertical,0.000031,1,1,0,0,1:1
45.377,1349,0,1,vertical,0.000009,1,1,0,0,1:1
45.488,1352,0,1,vertical,0.000000,1,1,0,0,1:1
45.6,1356,0,1,vertical,0.000031,1,1,0,0,1:1
45.711,1359,0,1,vertical,0.000009,1,1,0,0,1:1
45.822,1362,0,1,vertical,0.000018,1,1,0,0,1:1
45.934,1366,0,1,vertical,0.000000,1,1,0,0,1:1
46.045,1369,0,1,vertical,0.000004,1,1,0,0,1:1
46.159,1372,0,1,vertical,0.000000,1,1,0,0,1:1
46.275,1376,0,1,vertical,0.000000,1,1,0,0,1:1
46.389,1379,0,1,vertical,0.000000,1,1,0,0,1:1
46.504,1383,0,1,vertical,0.000853,1,1,0,0,1:1
46.618,1386,0,1,vertical,0.001328,1,1,0,0,1:1
46.735,1389,0,1,vertical,0.000129,1,1,0,0,1:1
46.849,1393,0,1,vertical,0.000049,1,1,0,0,1:1
46.965,1396,0,1,vertical,0.000000,1,1,0,0,1:1
47.079,1400,0,1,vertical,0.000000,1,1,0,0,1:1
47.192,1403,0,1,vertical,0.000000,1,1,0,0,1:1
47.306,1407,0,1,vertical,0.000000,1,1,0,0,1:1
47.421,1410,0,1,vertical,0.000004,1,1,0,0,1:1
47.534,1414,0,1,vertical,0.017006,1,1,0,0,1:1
47.648,1417,0,1,vertical,0.021771,1,1,0,0,1:1
47.763,1420,0,1,vertical,0.020190,1,1,0,0,1:1
47.876,1424,0,1,vertical,0.023481,1,1,0,0,1:1
47.99,1427,0,1,vertical,0.022939,1,1,0,0,1:1
48.103,1431,0,1,vertical,0.027314,1,1,0,0,1:1
48.217,1434,0,1,vertical,0.024933,1,1,0,0,1:1
48.335,1437,0,1,vertical,0.024161,1,1,0,0,1:1
48.448,1441,0,1,vertical,0.025524,1,1,0,0,1:1
48.561,1444,0,1,vertical,0.022793,1,1,0,0,1:1
48.672,1448,0,1,vertical,0.022282,1,1,0,0,1:1
48.784,1451,0,1,vertical,0.019559,1,1,0,0,1:1
48.898,1454,0,1,vertical,0.018747,1,1,0,0,1:1
49.009,1458,0,1,vertical,0.020901,1,1,0,0,1:1
49.121,1461,0,1,vertical,0.018947,1,1,0,0,1:1
49.232,1465,0,1,vertical,0.019710,1,1,0,0,1:1
49.344,1468,0,1,vertical,0.017294,1,1,0,0,1:1
49.455,1471,0,1,vertical,0.016419,1,1,0,0,1:1
49.566,1475,0,1,vertical,0.017201,1,1,0,0,1:1
49.678,1478,0,1,vertical,0.014963,1,1,0,0,1:1
49.789,1481,0,1,vertical,0.015034,1,1,0,0,1:1
49.9,1485,0,1,vertical,0.013462,1,1,0,0,1:1
50.012,1488,0,1,vertical,0.007404,1,1,0,0,1:1
50.123,1491,0,1,vertical,0.001324,1,1,0,0,1:1
50.234,1495,0,1,vertical,0.000360,1,1,0,0,1:1
50.345,1498,0,1,vertical,0.000053,1,1,0,0,1:1
50.457,1501,0,1,vertical,0.000191,2,1,1,0,1:1
50.569,1505,0,1,vertical,0.000031,1,1,0,0,1:1
50.681,1508,0,1,vertical,0.012458,1,1,0,0,1:1
50.794,1511,0,1,vertical,0.011894,1,1,0,0,1:1
50.905,1515,0,1,vertical,0.015735,1,1,0,0,1:1
51.016,1518,0,1,vertical,0.016753,1,1,0,0,1:1
51.129,1521,0,1,vertical,0.017050,1,1,0,0,1:1
51.241,1525,0,1,vertical,0.020190,3,1,2,0,1:1
51.352,1528,0,1,vertical,0.020501,1,1,0,0,1:1
51.464,1531,0,1,vertical,0.021607,1,1,0,0,1:1
51.575,1535,0,1,vertical,0.025102,1,1,0,0,1:1
51.687,1538,0,1,vertical,0.025742,2,1,1,0,1:1
51.805,1541,0,1,vertical,0.026443,1,1,0,0,1:1
51.916,1545,0,1,vertical,0.029366,2,1,1,0,1:1
52.03,1548,0,1,vertical,0.029614,1,1,0,0,1:1
52.141,1552,0,1,vertical,0.033896,1,1,0,0,1:1
52.252,1555,0,1,vertical,0.032870,1,1,0,0,1:1
52.365,1558,0,1,vertical,0.035126,1,1,0,0,1:1
52.476,1562,0,1,vertical,0.037142,1,1,0,0,1:1
52.589,1565,0,1,vertical,0.039114,1,1,0,0,1:1
52.7,1569,0,1,vertical,0.043307,1,1,0,0,1:1
52.811,1572,0,1,vertical,0.040114,1,1,0,0,1:1
52.924,1575,0,1,vertical,0.043303,1,1,0,0,1:1
53.036,1579,0,1,vertical,0.049769,1,1,0,0,1:1
53.151,1582,0,1,vertical,0.046056,1,1,0,0,1:1
53.276,1585,0,1,vertical,0.048819,1,1,0,0,1:1
53.392,1589,0,1,vertical,0.052785,1,1,0,0,1:1
53.505,1593,0,1,vertical,0.052154,1,1,0,0,1:1
53.622,1596,0,1,vertical,0.047691,1,1,0,0,1:1
53.733,1600,0,1,vertical,0.054868,1,1,0,0,1:1
53.845,1603,0,1,vertical,0.050817,1,1,0,0,1:1
53.957,1606,0,1,vertical,0.048246,0,0,0,1,
54.069,1610,0,1,vertical,0.053935,3,1,2,1,1:1
54.18,1613,0,1,vertical,0.049667,0,0,0,1,
54.293,1616,0,1,vertical,0.047260,0,0,0,0,
54.404,1620,0,1,vertical,0.029082,0,0,0,0,
54.515,1623,0,1,vertical,0.017534,0,0,0,0,
54.629,1626,0,1,vertical,0.012307,0,0,0,0,
54.74,1630,0,1,vertical,0.000724,0,0,0,0,
54.854,1633,0,1,vertical,0.004819,0,0,0,0,
54.965,1637,0,1,vertical,0.002429,0,0,0,0,
55.076,1640,0,1,vertical,0.003060,0,0,0,0,
55.19,1643,0,1,vertical,0.027141,0,0,0,0,
55.302,1647,0,1,vertical,0.049365,0,0,0,0,
55.413,1650,0,1,vertical,0.046665,0,0,0,0,
55.528,1653,0,1,vertical,0.044444,0,0,0,0,
55.639,1657,0,1,vertical,0.047242,0,0,0,0,
55.75,1660,0,1,vertical,0.045270,0,0,0,0,
55.863,1663,0,1,vertical,0.047126,0,0,0,0,
55.974,1667,0,1,vertical,0.053846,0,0,0,0,
56.086,1670,0,1,vertical,0.052123,0,0,0,0,
56.197,1674,0,1,vertical,0.058398,1,0,1,0,
56.308,1677,0,1,vertical,0.057244,0,0,0,0,
56.42,1680,0,1,vertical,0.046456,0,0,0,0,
56.532,1684,0,1,vertical,0.060468,0,0,0,0,
56.643,1687,0,1,vertical,0.055170,0,0,0,0,
56.755,1690,0,1,vertical,0.060064,0,0,0,0,
56.866,1694,0,1,vertical,0.063426,0,0,0,0,
56.977,1697,0,1,vertical,0.055147,0,0,0,0,
57.089,1700,0,1,vertical,0.056413,0,0,0,0,
57.2,1704,0,1,vertical,0.061374,0,0,0,0,
57.311,1707,0,1,vertical,0.055338,0,0,0,0,
57.423,1710,0,1,vertical,0.054899,0,0,0,0,
57.534,1714,0,1,vertical,0.060792,0,0,0,0,
57.645,1717,0,1,vertical,0.047753,0,0,0,0,
57.758,1720,0,1,vertical,0.001577,0,0,0,0,
57.869,1724,0,1,vertical,0.000129,0,0,0,0,
57.98,1727,0,1,vertical,0.000004,0,0,0,0,
58.092,1730,0,1,vertical,0.000653,0,0,0,0,
58.203,1734,0,1,vertical,0.000080,0,0,0,0,
58.314,1737,0,1,vertical,0.000013,0,0,0,0,
58.426,1740,0,1,vertical,0.000000,0,0,0,0,
58.537,1744,0,1,vertical,0.000009,0,0,0,0,
58.652,1747,0,1,vertical,0.000009,0,0,0,0,
58.765,1751,0,1,vertical,0.000004,0,0,0,0,
58.88,1754,0,1,vertical,0.031360,0,0,0,0,
58.994,1757,0,1,vertical,0.055769,0,0,0,0,
59.107,1761,0,1,vertical,0.061654,0,0,0,0,
59.222,1764,0,1,vertical,0.055365,0,0,0,0,
59.336,1768,0,1,vertical,0.061832,0,0,0,0,
59.451,1771,0,1,vertical,0.057306,0,0,0,0,
59.566,1774,0,1,vertical,0.058092,0,0,0,0,
59.679,1778,0,1,vertical,0.064208,0,0,0,0,
59.797,1781,0,1,vertical,0.056480,0,0,0,0,
59.908,1785,0,1,vertical,0.062333,0,0,0,0,
