t,seq,stale,calibrated,mode,diff_fraction,detections,on_lattice,off_lattice,in_gap,margin,outside,cell_churn,cells,elsewhere
0.535,3,0,1,vertical,,0,0,0,0,0,0,,,
0.646,7,0,1,vertical,0.000573,5,5,0,0,0,0,5,0:2 2:0 2:1 3:2 4:4,
0.758,10,0,1,vertical,0.002456,5,5,0,0,0,0,0,0:2 2:0 2:1 3:2 4:4,
0.871,13,0,1,vertical,0.000004,5,5,0,0,0,0,0,0:2 2:0 2:1 3:2 4:4,
0.983,17,0,1,vertical,0.000004,5,5,0,0,0,0,0,0:2 2:0 2:1 3:2 4:4,
1.094,20,0,1,vertical,0.000004,5,5,0,0,0,0,0,0:2 2:0 2:1 3:2 4:4,
1.209,23,0,1,vertical,0.000009,5,5,0,0,0,0,0,0:2 2:0 2:1 3:2 4:4,
1.32,27,0,1,vertical,0.000004,5,5,0,0,0,0,0,0:2 2:0 2:1 3:2 4:4,
1.441,30,0,1,vertical,0.000000,5,5,0,0,0,0,0,0:2 2:0 2:1 3:2 4:4,
1.553,34,0,1,vertical,0.000000,5,5,0,0,0,0,0,0:2 2:0 2:1 3:2 4:4,
1.667,37,0,1,vertical,0.000000,5,5,0,0,0,0,0,0:2 2:0 2:1 3:2 4:4,
1.78,41,0,1,vertical,0.000235,5,5,0,0,0,0,0,0:2 2:0 2:1 3:2 4:4,
1.892,44,0,1,vertical,0.000000,5,5,0,0,0,0,0,0:2 2:0 2:1 3:2 4:4,
2.007,47,0,1,vertical,0.000004,5,5,0,0,0,0,0,0:2 2:0 2:1 3:2 4:4,
2.119,51,0,1,vertical,0.000013,5,5,0,0,0,0,0,0:2 2:0 2:1 3:2 4:4,
2.232,54,0,1,vertical,0.000009,5,5,0,0,0,0,0,0:2 2:0 2:1 3:2 4:4,
2.344,58,0,1,vertical,0.000009,5,5,0,0,0,0,0,0:2 2:0 2:1 3:2 4:4,
2.455,61,0,1,vertical,0.000004,5,5,0,0,0,0,0,0:2 2:0 2:1 3:2 4:4,
2.567,64,0,1,vertical,0.000009,5,5,0,0,0,0,0,0:2 2:0 2:1 3:2 4:4,
2.679,68,0,1,vertical,0.000040,5,5,0,0,0,0,0,0:2 2:0 2:1 3:2 4:4,
2.79,71,0,1,vertical,0.000027,5,5,0,0,0,0,0,0:2 2:0 2:1 3:2 4:4,
2.902,74,0,1,vertical,0.000018,5,5,0,0,0,0,0,0:2 2:0 2:1 3:2 4:4,
3.014,78,0,1,vertical,0.000000,5,5,0,0,0,0,0,0:2 2:0 2:1 3:2 4:4,
3.125,81,0,1,vertical,0.000000,5,5,0,0,0,0,0,0:2 2:0 2:1 3:2 4:4,
3.237,84,0,1,vertical,0.000000,5,5,0,0,0,0,0,0:2 2:0 2:1 3:2 4:4,
3.349,88,0,1,vertical,0.000004,5,5,0,0,0,0,0,0:2 2:0 2:1 3:2 4:4,
3.46,91,0,1,vertical,0.000000,5,5,0,0,0,0,0,0:2 2:0 2:1 3:2 4:4,
3.572,94,0,1,vertical,0.000000,5,5,0,0,0,0,0,0:2 2:0 2:1 3:2 4:4,
3.683,98,0,1,vertical,0.000000,5,5,0,0,0,0,0,0:2 2:0 2:1 3:2 4:4,
3.795,101,0,1,vertical,0.000000,5,5,0,0,0,0,0,0:2 2:0 2:1 3:2 4:4,
3.907,104,0,1,vertical,0.000000,5,5,0,0,0,0,0,0:2 2:0 2:1 3:2 4:4,
4.019,108,0,1,vertical,0.000000,5,5,0,0,0,0,0,0:2 2:0 2:1 3:2 4:4,
4.132,111,0,1,vertical,0.000000,5,5,0,0,0,0,0,0:2 2:0 2:1 3:2 4:4,
4.243,115,0,1,vertical,0.000000,5,5,0,0,0,0,0,0:2 2:0 2:1 3:2 4:4,
4.355,118,0,1,vertical,0.000000,5,5,0,0,0,0,0,0:2 2:0 2:1 3:2 4:4,
4.467,121,0,1,vertical,0.000000,5,5,0,0,0,0,0,0:2 2:0 2:1 3:2 4:4,
4.578,125,0,1,vertical,0.000004,5,5,0,0,0,0,0,0:2 2:0 2:1 3:2 4:4,
4.689,128,0,1,vertical,0.000000,5,5,0,0,0,0,0,0:2 2:0 2:1 3:2 4:4,
4.806,131,0,1,vertical,0.000018,5,5,0,0,0,0,0,0:2 2:0 2:1 3:2 4:4,
4.921,135,0,1,vertical,0.000084,5,5,0,0,0,0,0,0:2 2:0 2:1 3:2 4:4,
5.036,138,0,1,vertical,0.000022,5,5,0,0,0,0,0,0:2 2:0 2:1 3:2 4:4,
5.149,142,0,1,vertical,0.000009,5,5,0,0,0,0,0,0:2 2:0 2:1 3:2 4:4,
5.264,145,0,1,vertical,0.000000,5,5,0,0,0,0,0,0:2 2:0 2:1 3:2 4:4,
5.377,149,0,1,vertical,0.000004,5,5,0,0,0,0,0,0:2 2:0 2:1 3:2 4:4,
5.49,152,0,1,vertical,0.000004,5,5,0,0,0,0,0,0:2 2:0 2:1 3:2 4:4,
5.606,155,0,1,vertical,0.000049,5,5,0,0,0,0,0,0:2 2:0 2:1 3:2 4:4,
5.72,159,0,1,vertical,0.000058,5,5,0,0,0,0,0,0:2 2:0 2:1 3:2 4:4,
5.835,162,0,1,vertical,0.000027,5,5,0,0,0,0,0,0:2 2:0 2:1 3:2 4:4,
5.949,166,0,1,vertical,0.000018,5,5,0,0,0,0,0,0:2 2:0 2:1 3:2 4:4,
6.062,169,0,1,vertical,0.000009,5,5,0,0,0,0,0,0:2 2:0 2:1 3:2 4:4,
6.177,172,0,1,vertical,0.000004,5,5,0,0,0,0,0,0:2 2:0 2:1 3:2 4:4,
6.292,176,0,1,vertical,0.000004,5,5,0,0,0,0,0,0:2 2:0 2:1 3:2 4:4,
6.409,179,0,1,vertical,0.000004,5,5,0,0,0,0,0,0:2 2:0 2:1 3:2 4:4,
6.523,183,0,1,vertical,0.000000,5,5,0,0,0,0,0,0:2 2:0 2:1 3:2 4:4,
6.641,186,0,1,vertical,0.000013,5,5,0,0,0,0,0,0:2 2:0 2:1 3:2 4:4,
6.754,190,0,1,vertical,0.000004,5,5,0,0,0,0,0,0:2 2:0 2:1 3:2 4:4,
6.869,193,0,1,vertical,0.000009,5,5,0,0,0,0,0,0:2 2:0 2:1 3:2 4:4,
6.984,197,0,1,vertical,0.000004,5,5,0,0,0,0,0,0:2 2:0 2:1 3:2 4:4,
7.098,200,0,1,vertical,0.000000,5,5,0,0,0,0,0,0:2 2:0 2:1 3:2 4:4,
7.212,204,0,1,vertical,0.000000,5,5,0,0,0,0,0,0:2 2:0 2:1 3:2 4:4,
7.327,207,0,1,vertical,0.000000,5,5,0,0,0,0,0,0:2 2:0 2:1 3:2 4:4,
7.443,210,0,1,vertical,0.000000,5,5,0,0,0,0,0,0:2 2:0 2:1 3:2 4:4,
7.557,214,0,1,vertical,0.000000,5,5,0,0,0,0,0,0:2 2:0 2:1 3:2 4:4,
7.672,217,0,1,vertical,0.000000,5,5,0,0,0,0,0,0:2 2:0 2:1 3:2 4:4,
7.785,221,0,1,vertical,0.000000,5,5,0,0,0,0,0,0:2 2:0 2:1 3:2 4:4,
7.9,224,0,1,vertical,0.000000,5,5,0,0,0,0,0,0:2 2:0 2:1 3:2 4:4,
8.014,228,0,1,vertical,0.000000,5,5,0,0,0,0,0,0:2 2:0 2:1 3:2 4:4,
8.13,231,0,1,vertical,0.000004,5,5,0,0,0,0,0,0:2 2:0 2:1 3:2 4:4,
8.244,234,0,1,vertical,0.000000,5,5,0,0,0,0,0,0:2 2:0 2:1 3:2 4:4,
8.358,238,0,1,vertical,0.000013,5,5,0,0,0,0,0,0:2 2:0 2:1 3:2 4:4,
8.473,241,0,1,vertical,0.000000,5,5,0,0,0,0,0,0:2 2:0 2:1 3:2 4:4,
8.587,245,0,1,vertical,0.000000,5,5,0,0,0,0,0,0:2 2:0 2:1 3:2 4:4,
8.703,248,0,1,vertical,0.000000,5,5,0,0,0,0,0,0:2 2:0 2:1 3:2 4:4,
8.817,252,0,1,vertical,0.000000,5,5,0,0,0,0,0,0:2 2:0 2:1 3:2 4:4,
8.932,255,0,1,vertical,0.000000,5,5,0,0,0,0,0,0:2 2:0 2:1 3:2 4:4,
9.046,259,0,1,vertical,0.000000,5,5,0,0,0,0,0,0:2 2:0 2:1 3:2 4:4,
9.16,262,0,1,vertical,0.000000,5,5,0,0,0,0,0,0:2 2:0 2:1 3:2 4:4,
9.276,265,0,1,vertical,0.000018,5,5,0,0,0,0,0,0:2 2:0 2:1 3:2 4:4,
9.39,269,0,1,vertical,0.000049,5,5,0,0,0,0,0,0:2 2:0 2:1 3:2 4:4,
9.506,272,0,1,vertical,0.000004,5,5,0,0,0,0,0,0:2 2:0 2:1 3:2 4:4,
9.619,276,0,1,vertical,0.000129,5,5,0,0,0,0,0,0:2 2:0 2:1 3:2 4:4,
9.734,279,0,1,vertical,0.000018,5,5,0,0,0,0,0,0:2 2:0 2:1 3:2 4:4,
9.848,283,0,1,vertical,0.000031,5,5,0,0,0,0,0,0:2 2:0 2:1 3:2 4:4,
9.963,286,0,1,vertical,0.000009,5,5,0,0,0,0,0,0:2 2:0 2:1 3:2 4:4,
10.079,290,0,1,vertical,0.000004,5,5,0,0,0,0,0,0:2 2:0 2:1 3:2 4:4,
10.193,293,0,1,vertical,0.000018,5,5,0,0,0,0,0,0:2 2:0 2:1 3:2 4:4,
10.308,296,0,1,vertical,0.000000,5,5,0,0,0,0,0,0:2 2:0 2:1 3:2 4:4,
10.422,300,0,1,vertical,0.000022,5,5,0,0,0,0,0,0:2 2:0 2:1 3:2 4:4,
10.537,303,0,1,vertical,0.000004,5,5,0,0,0,0,0,0:2 2:0 2:1 3:2 4:4,
10.656,307,0,1,vertical,0.000004,5,5,0,0,0,0,0,0:2 2:0 2:1 3:2 4:4,
10.772,310,0,1,vertical,0.000004,5,5,0,0,0,0,0,0:2 2:0 2:1 3:2 4:4,
10.886,314,0,1,vertical,0.000000,5,5,0,0,0,0,0,0:2 2:0 2:1 3:2 4:4,
11.003,317,0,1,vertical,0.000004,5,5,0,0,0,0,0,0:2 2:0 2:1 3:2 4:4,
11.117,321,0,1,vertical,0.000000,5,5,0,0,0,0,0,0:2 2:0 2:1 3:2 4:4,
11.231,324,0,1,vertical,0.000000,5,5,0,0,0,0,0,0:2 2:0 2:1 3:2 4:4,
11.345,328,0,1,vertical,0.000000,5,5,0,0,0,0,0,0:2 2:0 2:1 3:2 4:4,
11.46,331,0,1,vertical,0.000004,5,5,0,0,0,0,0,0:2 2:0 2:1 3:2 4:4,
11.575,334,0,1,vertical,0.000000,5,5,0,0,0,0,0,0:2 2:0 2:1 3:2 4:4,
11.689,338,0,1,vertical,0.000000,5,5,0,0,0,0,0,0:2 2:0 2:1 3:2 4:4,
11.804,341,0,1,vertical,0.000000,5,5,0,0,0,0,0,0:2 2:0 2:1 3:2 4:4,
11.918,345,0,1,vertical,0.000000,5,5,0,0,0,0,0,0:2 2:0 2:1 3:2 4:4,
12.033,348,0,1,vertical,0.000000,5,5,0,0,0,0,0,0:2 2:0 2:1 3:2 4:4,
12.146,352,0,1,vertical,0.000004,5,5,0,0,0,0,0,0:2 2:0 2:1 3:2 4:4,
12.261,355,0,1,vertical,0.000000,5,5,0,0,0,0,0,0:2 2:0 2:1 3:2 4:4,
12.377,358,0,1,vertical,0.000000,5,5,0,0,0,0,0,0:2 2:0 2:1 3:2 4:4,
12.49,362,0,1,vertical,0.000000,5,5,0,0,0,0,0,0:2 2:0 2:1 3:2 4:4,
12.607,365,0,1,vertical,0.000000,5,5,0,0,0,0,0,0:2 2:0 2:1 3:2 4:4,
12.721,369,0,1,vertical,0.000000,5,5,0,0,0,0,0,0:2 2:0 2:1 3:2 4:4,
12.837,372,0,1,vertical,0.000004,5,5,0,0,0,0,0,0:2 2:0 2:1 3:2 4:4,
12.951,376,0,1,vertical,0.000004,5,5,0,0,0,0,0,0:2 2:0 2:1 3:2 4:4,
13.064,379,0,1,vertical,0.000000,5,5,0,0,0,0,0,0:2 2:0 2:1 3:2 4:4,
13.178,383,0,1,vertical,0.000000,5,5,0,0,0,0,0,0:2 2:0 2:1 3:2 4:4,
13.293,386,0,1,vertical,0.000000,5,5,0,0,0,0,0,0:2 2:0 2:1 3:2 4:4,
13.408,389,0,1,vertical,0.000018,5,5,0,0,0,0,0,0:2 2:0 2:1 3:2 4:4,
13.522,393,0,1,vertical,0.000000,5,5,0,0,0,0,0,0:2 2:0 2:1 3:2 4:4,
13.639,396,0,1,vertical,0.000018,5,5,0,0,0,0,0,0:2 2:0 2:1 3:2 4:4,
13.753,400,0,1,vertical,0.000004,5,5,0,0,0,0,0,0:2 2:0 2:1 3:2 4:4,
13.87,403,0,1,vertical,0.000000,5,5,0,0,0,0,0,0:2 2:0 2:1 3:2 4:4,
13.983,407,0,1,vertical,0.000000,5,5,0,0,0,0,0,0:2 2:0 2:1 3:2 4:4,
14.099,410,0,1,vertical,0.000000,5,5,0,0,0,0,0,0:2 2:0 2:1 3:2 4:4,
14.213,414,0,1,vertical,0.000000,5,5,0,0,0,0,0,0:2 2:0 2:1 3:2 4:4,
14.327,417,0,1,vertical,0.000000,5,5,0,0,0,0,0,0:2 2:0 2:1 3:2 4:4,
14.441,420,0,1,vertical,0.000000,5,5,0,0,0,0,0,0:2 2:0 2:1 3:2 4:4,
14.555,424,0,1,vertical,0.000000,5,5,0,0,0,0,0,0:2 2:0 2:1 3:2 4:4,
14.669,427,0,1,vertical,0.000000,5,5,0,0,0,0,0,0:2 2:0 2:1 3:2 4:4,
14.783,431,0,1,vertical,0.000000,5,5,0,0,0,0,0,0:2 2:0 2:1 3:2 4:4,
14.899,434,0,1,vertical,0.000000,5,5,0,0,0,0,0,0:2 2:0 2:1 3:2 4:4,
15.012,438,0,1,vertical,0.000000,5,5,0,0,0,0,0,0:2 2:0 2:1 3:2 4:4,
15.127,441,0,1,vertical,0.000004,5,5,0,0,0,0,0,0:2 2:0 2:1 3:2 4:4,
15.242,444,0,1,vertical,0.000004,5,5,0,0,0,0,0,0:2 2:0 2:1 3:2 4:4,
15.356,448,0,1,vertical,0.000000,5,5,0,0,0,0,0,0:2 2:0 2:1 3:2 4:4,
15.473,451,0,1,vertical,0.000000,5,5,0,0,0,0,0,0:2 2:0 2:1 3:2 4:4,
15.587,455,0,1,vertical,0.000000,5,5,0,0,0,0,0,0:2 2:0 2:1 3:2 4:4,
15.703,458,0,1,vertical,0.000000,5,5,0,0,0,0,0,0:2 2:0 2:1 3:2 4:4,
15.817,462,0,1,vertical,0.000000,5,5,0,0,0,0,0,0:2 2:0 2:1 3:2 4:4,
15.931,465,0,1,vertical,0.000000,5,5,0,0,0,0,0,0:2 2:0 2:1 3:2 4:4,
16.045,469,0,1,vertical,0.000000,5,5,0,0,0,0,0,0:2 2:0 2:1 3:2 4:4,
16.159,472,0,1,vertical,0.000000,5,5,0,0,0,0,0,0:2 2:0 2:1 3:2 4:4,
16.275,475,0,1,vertical,0.000000,5,5,0,0,0,0,0,0:2 2:0 2:1 3:2 4:4,
16.389,479,0,1,vertical,0.000000,5,5,0,0,0,0,0,0:2 2:0 2:1 3:2 4:4,
16.503,482,0,1,vertical,0.000000,5,5,0,0,0,0,0,0:2 2:0 2:1 3:2 4:4,
16.618,486,0,1,vertical,0.000000,5,5,0,0,0,0,0,0:2 2:0 2:1 3:2 4:4,
16.733,489,0,1,vertical,0.000000,5,5,0,0,0,0,0,0:2 2:0 2:1 3:2 4:4,
16.846,493,0,1,vertical,0.000000,5,5,0,0,0,0,0,0:2 2:0 2:1 3:2 4:4,
16.96,496,0,1,vertical,0.000000,5,5,0,0,0,0,0,0:2 2:0 2:1 3:2 4:4,
17.075,499,0,1,vertical,0.000000,5,5,0,0,0,0,0,0:2 2:0 2:1 3:2 4:4,
17.19,503,0,1,vertical,0.000000,5,5,0,0,0,0,0,0:2 2:0 2:1 3:2 4:4,
17.305,506,0,1,vertical,0.000000,5,5,0,0,0,0,0,0:2 2:0 2:1 3:2 4:4,
17.419,510,0,1,vertical,0.000004,5,5,0,0,0,0,0,0:2 2:0 2:1 3:2 4:4,
17.534,513,0,1,vertical,0.000009,5,5,0,0,0,0,0,0:2 2:0 2:1 3:2 4:4,
17.652,517,0,1,vertical,0.000000,5,5,0,0,0,0,0,0:2 2:0 2:1 3:2 4:4,
17.764,520,0,1,vertical,0.000000,5,5,0,0,0,0,0,0:2 2:0 2:1 3:2 4:4,
17.875,524,0,1,vertical,0.000000,5,5,0,0,0,0,0,0:2 2:0 2:1 3:2 4:4,
17.986,527,0,1,vertical,0.000004,5,5,0,0,0,0,0,0:2 2:0 2:1 3:2 4:4,
18.098,530,0,1,vertical,0.000004,5,5,0,0,0,0,0,0:2 2:0 2:1 3:2 4:4,
18.209,534,0,1,vertical,0.000000,5,5,0,0,0,0,0,0:2 2:0 2:1 3:2 4:4,
18.32,537,0,1,vertical,0.000004,5,5,0,0,0,0,0,0:2 2:0 2:1 3:2 4:4,
18.434,540,0,1,vertical,0.000000,5,5,0,0,0,0,0,0:2 2:0 2:1 3:2 4:4,
18.545,544,0,1,vertical,0.000031,5,5,0,0,0,0,0,0:2 2:0 2:1 3:2 4:4,
18.659,547,0,1,vertical,0.000000,5,5,0,0,0,0,0,0:2 2:0 2:1 3:2 4:4,
18.772,550,0,1,vertical,0.000004,5,5,0,0,0,0,0,0:2 2:0 2:1 3:2 4:4,
18.883,554,0,1,vertical,0.000013,5,5,0,0,0,0,0,0:2 2:0 2:1 3:2 4:4,
18.995,557,0,1,vertical,0.000000,5,5,0,0,0,0,0,0:2 2:0 2:1 3:2 4:4,
19.106,561,0,1,vertical,0.000000,5,5,0,0,0,0,0,0:2 2:0 2:1 3:2 4:4,
19.217,564,0,1,vertical,0.000000,5,5,0,0,0,0,0,0:2 2:0 2:1 3:2 4:4,
19.331,567,0,1,vertical,0.000000,5,5,0,0,0,0,0,0:2 2:0 2:1 3:2 4:4,
19.442,571,0,1,vertical,0.000013,5,5,0,0,0,0,0,0:2 2:0 2:1 3:2 4:4,
19.554,574,0,1,vertical,0.000000,5,5,0,0,0,0,0,0:2 2:0 2:1 3:2 4:4,
19.667,577,0,1,vertical,0.000000,5,5,0,0,0,0,0,0:2 2:0 2:1 3:2 4:4,
19.779,581,0,1,vertical,0.000000,5,5,0,0,0,0,0,0:2 2:0 2:1 3:2 4:4,
19.891,584,0,1,vertical,0.000009,5,5,0,0,0,0,0,0:2 2:0 2:1 3:2 4:4,
20.005,587,0,1,vertical,0.000004,5,5,0,0,0,0,0,0:2 2:0 2:1 3:2 4:4,
